{
  "credit": "Made with Blockbench",
  "textures": {
    "0": "block/pressure_plate_rail",
    "particle": "block/pressure_plate_rail"
  },
  "elements": [
    {
      "name": "plate",
      "from": [2, 2, 2],
      "to": [14, 3, 14],
      "faces": {
        "north": {"uv": [6.5, 0, 13, 0.5], "texture": "#0"},
        "east": {"uv": [6.5, 0, 13, 0.5], "texture": "#0"},
        "south": {"uv": [6.5, 0, 13, 0.5], "texture": "#0"},
        "west": {"uv": [6.5, 0, 13, 0.5], "texture": "#0"},
        "up": {"uv": [0, 0, 6.5, 6.5], "texture": "#0"}
      }
    },
    {
      "from": [0, 0, 0],
      "to": [16, 2, 2],
      "rotation": {"angle": 0, "axis": "y", "origin": [8, 1, 0.5]},
      "faces": {
        "north": {"uv": [8, 6.5, 16, 7.5], "texture": "#0", "cullface": "north"},
        "east": {"uv": [15, 6.5, 16, 7.5], "texture": "#0", "cullface": "east"},
        "west": {"uv": [8, 6.5, 9, 7.5], "texture": "#0", "cullface": "west"},
        "up": {"uv": [0, 14.5, 8, 13.5], "texture": "#0"}
      }
    },
    {
      "from": [0, 0, 2],
      "to": [2, 2, 14],
      "rotation": {"angle": 0, "axis": "y", "origin": [0.5, 1, 8]},
      "faces": {
        "west": {"uv": [9, 6.5, 15, 7.5], "texture": "#0", "cullface": "west"},
        "up": {"uv": [8, 7.5, 7, 13.5], "texture": "#0"}
      }
    },
    {
      "from": [14, 0, 2],
      "to": [16, 2, 14],
      "rotation": {"angle": 0, "axis": "y", "origin": [15.5, 1, 8]},
      "faces": {
        "east": {"uv": [9, 6.5, 15, 7.5], "texture": "#0", "cullface": "east"},
        "up": {"uv": [1, 7.5, 0, 13.5], "texture": "#0"}
      }
    },
    {
      "from": [0, 0, 14],
      "to": [16, 2, 16],
      "rotation": {"angle": 0, "axis": "y", "origin": [8, 1, 15.5]},
      "faces": {
        "east": {"uv": [8, 6.5, 9, 7.5], "texture": "#0", "cullface": "east"},
        "south": {"uv": [8, 6.5, 16, 7.5], "texture": "#0", "cullface": "south"},
        "west": {"uv": [15, 6.5, 16, 7.5], "texture": "#0", "cullface": "west"},
        "up": {"uv": [0, 7.5, 8, 6.5], "texture": "#0"}
      }
    },
    {
      "from": [6, 0, -1],
      "to": [10, 2, 1],
      "rotation": {"angle": 45, "axis": "x", "origin": [8, 1, -1], "rescale": true},
      "faces": {
        "north": {"uv": [8, 7.5, 10, 8.5], "texture": "#0", "cullface": "north"},
        "east": {"uv": [8, 8.5, 9, 9.5], "texture": "#0", "cullface": "north"},
        "west": {"uv": [8, 8.5, 9, 9.5], "texture": "#0", "cullface": "north"}
      }
    },
    {
      "from": [-1, 0, 6],
      "to": [1, 2, 10],
      "rotation": {"angle": -45, "axis": "z", "origin": [-1, 1, 8], "rescale": true},
      "faces": {
        "north": {"uv": [8, 8.5, 9, 9.5], "texture": "#0", "cullface": "west"},
        "south": {"uv": [8, 8.5, 9, 9.5], "texture": "#0", "cullface": "west"},
        "west": {"uv": [8, 7.5, 10, 8.5], "texture": "#0", "cullface": "west"}
      }
    },
    {
      "from": [6, 0, 15],
      "to": [10, 2, 17],
      "rotation": {"angle": -45, "axis": "x", "origin": [8, 1, 17], "rescale": true},
      "faces": {
        "east": {"uv": [8, 8.5, 9, 9.5], "rotation": 180, "texture": "#0", "cullface": "south"},
        "south": {"uv": [8, 7.5, 10, 8.5], "rotation": 180, "texture": "#0", "cullface": "south"},
        "west": {"uv": [8, 8.5, 9, 9.5], "rotation": 180, "texture": "#0", "cullface": "south"}
      }
    },
    {
      "from": [15, 0, 6],
      "to": [17, 2, 10],
      "rotation": {"angle": 45, "axis": "z", "origin": [17, 1, 7], "rescale": true},
      "faces": {
        "north": {"uv": [8, 8.5, 9, 9.5], "rotation": 180, "texture": "#0", "cullface": "east"},
        "east": {"uv": [8, 7.5, 10, 8.5], "rotation": 180, "texture": "#0", "cullface": "east"},
        "south": {"uv": [8, 8.5, 9, 9.5], "rotation": 180, "texture": "#0", "cullface": "east"}
      }
    }
  ]
}