{
	"credit": "Made with Blockbench",
	"textures": {
		"0": "block/button_stand",
		"particle": "block/button_stand"
	},
	"elements": [
		{
			"from": [5, 2, 5],
			"to": [11, 16, 11],
			"rotation": {"angle": 0, "axis": "y", "origin": [8, 0, 8]},
			"faces": {
				"north": {"uv": [0, 0, 6, 14], "texture": "#0"},
				"east": {"uv": [0, 0, 6, 14], "texture": "#0"},
				"south": {"uv": [0, 0, 6, 14], "texture": "#0"},
				"west": {"uv": [0, 0, 6, 14], "texture": "#0"}
			}
		},
		{
			"from": [4, 0, 11],
			"to": [12, 2, 12],
			"rotation": {"angle": 0, "axis": "y", "origin": [8, 0, 8]},
			"faces": {
				"east": {"uv": [14, 9, 15, 11], "texture": "#0"},
				"south": {"uv": [7, 9, 15, 11], "texture": "#0"},
				"west": {"uv": [7, 9, 8, 11], "texture": "#0"},
				"up": {"uv": [7, 7, 15, 8], "texture": "#0"}
			}
		},
		{
			"from": [4, 0, 4],
			"to": [12, 2, 5],
			"rotation": {"angle": 0, "axis": "y", "origin": [8, 0, 8]},
			"faces": {
				"north": {"uv": [7, 9, 15, 11], "texture": "#0"},
				"east": {"uv": [7, 9, 8, 11], "texture": "#0"},
				"west": {"uv": [14, 9, 15, 11], "texture": "#0"},
				"up": {"uv": [7, 0, 15, 1], "rotation": 180, "texture": "#0"}
			}
		},
		{
			"from": [11, 0, 5],
			"to": [12, 2, 11],
			"rotation": {"angle": 0, "axis": "y", "origin": [8, 0, 8]},
			"faces": {
				"east": {"uv": [8, 9, 14, 11], "texture": "#0"},
				"up": {"uv": [7, 1, 8, 7], "rotation": 180, "texture": "#0"}
			}
		},
		{
			"from": [4, 0, 5],
			"to": [5, 2, 11],
			"rotation": {"angle": 0, "axis": "y", "origin": [8, 0, 8]},
			"faces": {
				"west": {"uv": [8, 9, 14, 11], "texture": "#0"},
				"up": {"uv": [14, 1, 15, 7], "rotation": 180, "texture": "#0"}
			}
		},
		{
			"from": [6, 0, 2],
			"to": [10, 1, 4],
			"rotation": {"angle": -45, "axis": "x", "origin": [8, 1, 3], "rescale": true},
			"faces": {
				"east": {"uv": [7, 12, 9, 13], "texture": "#0"},
				"west": {"uv": [7, 12, 9, 13], "texture": "#0"},
				"up": {"uv": [11, 12, 15, 14], "texture": "#0"}
			}
		},
		{
			"from": [2, 0, 6],
			"to": [4, 1, 10],
			"rotation": {"angle": 45, "axis": "z", "origin": [3, 1, 8], "rescale": true},
			"faces": {
				"north": {"uv": [7, 12, 9, 13], "texture": "#0"},
				"south": {"uv": [7, 12, 9, 13], "texture": "#0"},
				"up": {"uv": [11, 12, 15, 14], "rotation": 270, "texture": "#0"}
			}
		},
		{
			"from": [6, 0, 12],
			"to": [10, 1, 14],
			"rotation": {"angle": 45, "axis": "x", "origin": [8, 1, 13], "rescale": true},
			"faces": {
				"east": {"uv": [7, 12, 9, 13], "texture": "#0"},
				"west": {"uv": [7, 12, 9, 13], "texture": "#0"},
				"up": {"uv": [11, 12, 15, 14], "rotation": 180, "texture": "#0"}
			}
		},
		{
			"from": [12, 0, 6],
			"to": [14, 1, 10],
			"rotation": {"angle": -45, "axis": "z", "origin": [13, 1, 8], "rescale": true},
			"faces": {
				"north": {"uv": [7, 12, 9, 13], "texture": "#0"},
				"south": {"uv": [7, 12, 9, 13], "texture": "#0"},
				"up": {"uv": [11, 12, 15, 14], "rotation": 90, "texture": "#0"}
			}
		}
	]
}