{
	"credit": "Made with Blockbench",
	"textures": {
		"0": "block/default_stand",
		"1": "block/default_stand_base",
		"particle": "block/default_stand"
	},
	"elements": [
		{
			"from": [5, 2, 5],
			"to": [11, 15, 11],
			"rotation": {"angle": 0, "axis": "y", "origin": [8, 0, 8]},
			"faces": {
				"north": {"uv": [0, 0, 6, 13], "texture": "#0"},
				"east": {"uv": [0, 0, 6, 13], "texture": "#0"},
				"south": {"uv": [0, 0, 6, 13], "texture": "#0"},
				"west": {"uv": [0, 0, 6, 13], "texture": "#0"}
			}
		},
		{
			"from": [4, 0, 11],
			"to": [12, 2, 12],
			"rotation": {"angle": 0, "axis": "y", "origin": [8, 0, 8]},
			"faces": {
				"east": {"uv": [14, 9, 15, 11], "texture": "#0"},
				"south": {"uv": [7, 9, 15, 11], "texture": "#0"},
				"west": {"uv": [7, 9, 8, 11], "texture": "#0"},
				"up": {"uv": [7, 7, 15, 8], "texture": "#0"}
			}
		},
		{
			"from": [4, 0, 4],
			"to": [12, 2, 5],
			"rotation": {"angle": 0, "axis": "y", "origin": [8, 0, 8]},
			"faces": {
				"north": {"uv": [7, 9, 15, 11], "texture": "#0"},
				"east": {"uv": [7, 9, 8, 11], "texture": "#0"},
				"west": {"uv": [14, 9, 15, 11], "texture": "#0"},
				"up": {"uv": [7, 0, 15, 1], "rotation": 180, "texture": "#0"}
			}
		},
		{
			"from": [11, 0, 5],
			"to": [12, 2, 11],
			"rotation": {"angle": 0, "axis": "y", "origin": [8, 0, 8]},
			"faces": {
				"east": {"uv": [8, 9, 14, 11], "texture": "#0"},
				"up": {"uv": [7, 1, 8, 7], "rotation": 180, "texture": "#0"}
			}
		},
		{
			"from": [4, 0, 5],
			"to": [5, 2, 11],
			"rotation": {"angle": 0, "axis": "y", "origin": [8, 0, 8]},
			"faces": {
				"west": {"uv": [8, 9, 14, 11], "texture": "#0"},
				"up": {"uv": [14, 1, 15, 7], "rotation": 180, "texture": "#0"}
			}
		},
		{
			"from": [6, 0, 2],
			"to": [10, 1, 4],
			"rotation": {"angle": -45, "axis": "x", "origin": [8, 1, 3], "rescale": true},
			"faces": {
				"east": {"uv": [7, 12, 9, 13], "texture": "#0"},
				"west": {"uv": [7, 12, 9, 13], "texture": "#0"},
				"up": {"uv": [11, 12, 15, 14], "texture": "#0"}
			}
		},
		{
			"from": [2, 0, 6],
			"to": [4, 1, 10],
			"rotation": {"angle": 45, "axis": "z", "origin": [3, 1, 8], "rescale": true},
			"faces": {
				"north": {"uv": [7, 12, 9, 13], "texture": "#0"},
				"south": {"uv": [7, 12, 9, 13], "texture": "#0"},
				"up": {"uv": [11, 12, 15, 14], "rotation": 270, "texture": "#0"}
			}
		},
		{
			"from": [6, 0, 12],
			"to": [10, 1, 14],
			"rotation": {"angle": 45, "axis": "x", "origin": [8, 1, 13], "rescale": true},
			"faces": {
				"east": {"uv": [7, 12, 9, 13], "texture": "#0"},
				"west": {"uv": [7, 12, 9, 13], "texture": "#0"},
				"up": {"uv": [11, 12, 15, 14], "rotation": 180, "texture": "#0"}
			}
		},
		{
			"from": [12, 0, 6],
			"to": [14, 1, 10],
			"rotation": {"angle": -45, "axis": "z", "origin": [13, 1, 8], "rescale": true},
			"faces": {
				"north": {"uv": [7, 12, 9, 13], "texture": "#0"},
				"south": {"uv": [7, 12, 9, 13], "texture": "#0"},
				"up": {"uv": [11, 12, 15, 14], "rotation": 90, "texture": "#0"}
			}
		},
		{
			"from": [3, 15, 3],
			"to": [5, 16, 13],
			"faces": {
				"north": {"uv": [8, 11, 10, 12], "texture": "#1"},
				"south": {"uv": [0, 11, 2, 12], "texture": "#1"},
				"west": {"uv": [0, 11, 10, 12], "texture": "#1"},
				"up": {"uv": [0, 0, 2, 10], "texture": "#1"},
				"down": {"uv": [0, 0, 2, 10], "texture": "#1"}
			}
		},
		{
			"from": [11, 15, 3],
			"to": [13, 16, 13],
			"faces": {
				"north": {"uv": [0, 11, 2, 12], "texture": "#1"},
				"east": {"uv": [0, 11, 10, 12], "texture": "#1"},
				"south": {"uv": [8, 11, 10, 12], "texture": "#1"},
				"up": {"uv": [8, 0, 10, 10], "texture": "#1"},
				"down": {"uv": [8, 0, 10, 10], "texture": "#1"}
			}
		},
		{
			"from": [5, 15, 3],
			"to": [11, 16, 5],
			"faces": {
				"north": {"uv": [2, 11, 8, 12], "texture": "#1"},
				"up": {"uv": [2, 0, 8, 2], "texture": "#1"},
				"down": {"uv": [2, 8, 8, 10], "texture": "#1"}
			}
		},
		{
			"from": [5, 15, 11],
			"to": [11, 16, 13],
			"faces": {
				"south": {"uv": [2, 11, 8, 12], "texture": "#1"},
				"up": {"uv": [2, 8, 8, 10], "texture": "#1"},
				"down": {"uv": [2, 0, 8, 2], "texture": "#1"}
			}
		},
		{
			"from": [5, 15, 5],
			"to": [11, 16, 11],
			"faces": {
				"up": {"uv": [2, 2, 8, 8], "texture": "#1"}
			}
		},
		{
			"from": [13, 8, 7],
			"to": [14, 10, 9],
			"rotation": {"angle": 45, "axis": "z", "origin": [8, 0, 8], "rescale": true},
			"faces": {
				"north": {"uv": [14, 0, 15, 2], "texture": "#1"},
				"south": {"uv": [14, 0, 15, 2], "texture": "#1"},
				"west": {"uv": [11, 0, 13, 2], "texture": "#1"}
			}
		},
		{
			"from": [7, 8, 13],
			"to": [9, 10, 14],
			"rotation": {"angle": -45, "axis": "x", "origin": [8, 0, 8], "rescale": true},
			"faces": {
				"north": {"uv": [11, 0, 13, 2], "texture": "#1"},
				"east": {"uv": [14, 0, 15, 2], "texture": "#1"},
				"west": {"uv": [14, 0, 15, 2], "texture": "#1"}
			}
		},
		{
			"from": [16, 5, 7],
			"to": [18, 6, 9],
			"rotation": {"angle": 45, "axis": "z", "origin": [8, 0, 8], "rescale": true},
			"faces": {
				"north": {"uv": [14, 0, 15, 2], "rotation": 270, "texture": "#1"},
				"south": {"uv": [14, 0, 15, 2], "rotation": 90, "texture": "#1"},
				"down": {"uv": [11, 0, 13, 2], "rotation": 90, "texture": "#1"}
			}
		},
		{
			"from": [7, 5, 16],
			"to": [9, 6, 18],
			"rotation": {"angle": -45, "axis": "x", "origin": [8, 0, 8], "rescale": true},
			"faces": {
				"east": {"uv": [14, 0, 15, 2], "rotation": 270, "texture": "#1"},
				"west": {"uv": [14, 0, 15, 2], "rotation": 90, "texture": "#1"},
				"down": {"uv": [11, 0, 13, 2], "texture": "#1"}
			}
		}
	]
}