{
	"credit": "Made with Blockbench",
	"ambientocclusion": false,
	"textures": {
		"particle": "block/glow_lichen",
		"glow_lichen": "block/glow_lichen"
	},
	"elements": [
		{
			"from": [0, 0, 0.1],
			"to": [16, 16, 0.1],
			"faces": {
				"north": {"uv": [16, 0, 0, 16], "texture": "#glow_lichen", "cullface": "south"},
				"south": {"uv": [0, 0, 16, 16], "texture": "#glow_lichen", "cullface": "south"}
			}
		},
		{
			"from": [0, 0, 15.9],
			"to": [16, 16, 15.9],
			"faces": {
				"north": {"uv": [0, 0, 16, 16], "texture": "#glow_lichen", "cullface": "north"},
				"south": {"uv": [16, 0, 0, 16], "texture": "#glow_lichen", "cullface": "north"}
			}
		}
	]
}