{
  "credit": "Made with Blockbench",
  "ambientocclusion": false,
  "textures": {
    "1": "block/iron_door_side",
    "particle": "block/iron_door_bottom",
    "bottom": "block/iron_door_bottom"
  },
  "elements": [
    {
      "from": [0, 0, 0],
      "to": [3, 16, 3],
      "faces": {
        "north": {"uv": [3, 0, 0, 16], "texture": "#1", "cullface": "north"},
        "east": {"uv": [16, 0, 13, 16], "texture": "#bottom"},
        "south": {"uv": [0, 0, 3, 16], "texture": "#1"},
        "west": {"uv": [13, 0, 16, 16], "texture": "#bottom", "cullface": "west"},
        "down": {"uv": [0, 16, 3, 0], "texture": "#1", "cullface": "down"}
      }
    }
  ]
}