{
	"credit": "Made with Blockbench",
	"parent": "block/block",
	"textures": {
		"front": "block/jack_o_lantern",
		"side": "block/pumpkin_side",
		"up": "block/pumpkin_top",
		"down": "block/pumpkin_top",
		"particle": "block/jack_o_lantern"
	},
	"elements": [
		{
			"from": [0, 0, 0],
			"to": [16, 16, 16],
			"faces": {
				"north": {"uv": [0, 0, 16, 16], "texture": "#front", "cullface": "front"},
				"east": {"uv": [0, 0, 16, 16], "texture": "#side", "cullface": "east"},
				"south": {"uv": [0, 0, 16, 16], "texture": "#side", "cullface": "south"},
				"west": {"uv": [0, 0, 16, 16], "texture": "#side", "cullface": "west"},
				"up": {"uv": [0, 0, 16, 16], "texture": "#up", "cullface": "up"},
				"down": {"uv": [0, 16, 16, 0], "texture": "#down", "cullface": "down"}
			}
		}
	]
}