{
  "credit": "Made with Blockbench",
  "parent": "block/block",
  "textures": {
    "0": "block/jack_o_lantern",
    "1": "block/calcite",
    "2": "block/reflector_side",
    "3": "block/reflector_corner",
    "particle": "block/jack_o_lantern"
  },
  "elements": [
    {
      "from": [0, 0, 0],
      "to": [16, 8, 16],
      "faces": {
        "north": {"uv": [0, 8, 16, 16], "texture": "#3", "cullface": "north"},
        "east": {"uv": [0, 8, 16, 16], "texture": "#1", "cullface": "east"},
        "south": {"uv": [16, 8, 0, 16], "texture": "#3", "cullface": "south"},
        "west": {"uv": [0, 0, 16, 8], "texture": "#2", "cullface": "west"},
        "up": {"uv": [0, 0, 16, 16], "texture": "#0"},
        "down": {"uv": [0, 0, 16, 16], "texture": "#1", "cullface": "down"}
      }
    },
    {
      "from": [8, 8, 0],
      "to": [16, 16, 16],
      "faces": {
        "north": {"uv": [0, 0, 8, 8], "texture": "#3", "cullface": "north"},
        "east": {"uv": [0, 0, 16, 8], "texture": "#1", "cullface": "east"},
        "south": {"uv": [8, 0, 0, 8], "texture": "#3", "cullface": "south"},
        "west": {"uv": [0, 0, 16, 8], "texture": "#0"},
        "up": {"uv": [0, 0, 16, 8], "rotation": 90, "texture": "#2", "cullface": "up"}
      }
    }
  ],
  "display": {
    "thirdperson_lefthand": {
      "rotation": [75, -135, 0],
      "translation": [0, 2.5, 0],
      "scale": [0.375, 0.375, 0.375]
    },
    "gui": {
      "rotation": [30, 135, 0],
      "scale": [0.625, 0.625, 0.625]
    },
    "head": {
      "rotation": [0, -90, 0]
    }
  }
}