{
  "credit": "Made with Blockbench",
  "ambientocclusion": false,
  "texture_size": [16, 32],
  "textures": {
    "particle": "block/wheat2",
    "crop": "block/wheat2"
  },
  "elements": [
    {
      "from": [4, -1, 0],
      "to": [4, 31, 16],
      "shade": false,
      "faces": {
        "east": {"uv": [16, 0, 0, 16], "texture": "#crop"},
        "west": {"uv": [0, 0, 16, 16], "texture": "#crop"}
      }
    },
    {
      "from": [12, -1, 0],
      "to": [12, 31, 16],
      "shade": false,
      "faces": {
        "east": {"uv": [0, 0, 16, 16], "texture": "#crop"},
        "west": {"uv": [16, 0, 0, 16], "texture": "#crop"}
      }
    },
    {
      "from": [0, -1, 4],
      "to": [16, 31, 4],
      "shade": false,
      "faces": {
        "north": {"uv": [0, 0, 16, 16], "texture": "#crop"},
        "south": {"uv": [16, 0, 0, 16], "texture": "#crop"}
      }
    },
    {
      "from": [0, -1, 12],
      "to": [16, 31, 12],
      "shade": false,
      "faces": {
        "north": {"uv": [16, 0, 0, 16], "texture": "#crop"},
        "south": {"uv": [0, 0, 16, 16], "texture": "#crop"}
      }
    }
  ]
}