{
	"cubed.turret.shoot": { "sounds": [ "turret/shoot" ] },
	"cubed.turret.explosion": { "sounds": [ "turret/explosion" ] },
	"cubed.spider.idle": { "sounds": [ "spiderbot/idle0", "spiderbot/idle1", "spiderbot/idle2" ] },
	"cubed.spider.scream": { "sounds": [ "spiderbot/scream" ] },
	"cubed.spider.hurt": { "sounds": [ "spiderbot/hurt" ] },
	"cubed.spider.hurt_laser": { "sounds": [ "spiderbot/hurtlaser" ] },
	"cubed.spider.death": { "sounds": [ "spiderbot/death" ] },
	"cubed.dialog.intro_1": { "sounds": [ "dialogs/intro_1" ] },
	"cubed.dialog.intro_2": { "sounds": [ "dialogs/intro_2" ] },
	"cubed.dialog.lvl_1": { "sounds": [ "dialogs/lvl_1" ] },
	"cubed.dialog.lvl_2": { "sounds": [ "dialogs/lvl_2" ] },
	"cubed.dialog.lvl_3": { "sounds": [ "dialogs/lvl_3" ] },
	"cubed.dialog.lvl_4": { "sounds": [ "dialogs/lvl_4" ] },
	"cubed.dialog.lvl_5": { "sounds": [ "dialogs/lvl_5" ] },
	"cubed.dialog.lvl_6": { "sounds": [ "dialogs/lvl_6" ] },
	"cubed.dialog.lvl_7": { "sounds": [ "dialogs/lvl_7" ] },
	"cubed.dialog.lvl_8": { "sounds": [ "dialogs/lvl_8" ] },
	"cubed.dialog.lvl_9": { "sounds": [ "dialogs/lvl_9" ] },
	"cubed.dialog.lvl_10": { "sounds": [ "dialogs/lvl_10" ] },
	"cubed.dialog.lvl_10_p2": { "sounds": [ "dialogs/lvl_10_p2" ] },
	"cubed.dialog.lvl_11": { "sounds": [ "dialogs/lvl_11" ] },
	"cubed.dialog.lvl_12": { "sounds": [ "dialogs/lvl_12" ] },
	"cubed.dialog.lvl_13": { "sounds": [ "dialogs/lvl_13" ] },
	"cubed.dialog.lvl_14": { "sounds": [ "dialogs/lvl_14" ] },
	"cubed.dialog.lvl_15": { "sounds": [ "dialogs/lvl_15" ] },
	"cubed.dialog.lvl_16": { "sounds": [ "dialogs/lvl_16" ] },
	"cubed.dialog.lvl_17": { "sounds": [ "dialogs/lvl_17" ] },
	"cubed.dialog.lvl_18": { "sounds": [ "dialogs/lvl_18" ] },
	"cubed.dialog.lvl_18_p2": { "sounds": [ "dialogs/lvl_18_p2" ] },
	"cubed.dialog.lvl_19": { "sounds": [ "dialogs/lvl_19" ] },
	"cubed.dialog.lvl_19_p2": { "sounds": [ "dialogs/lvl_19_p2" ] },
	"cubed.dialog.lvl_20": { "sounds": [ "dialogs/lvl_20" ] },
	"cubed.dialog.lvl_20_p2": { "sounds": [ "dialogs/lvl_20_p2" ] },
	"cubed.dialog.lvl_20_p3": { "sounds": [ "dialogs/lvl_20_p3" ] },
	"cubed.dialog.lvl_21": { "sounds": [ "dialogs/lvl_21" ] },
	"cubed.dialog.lvl_21_p2": { "sounds": [ "dialogs/lvl_21_p2" ] },
	"cubed.dialog.lvl_22": { "sounds": [ "dialogs/lvl_22" ] },
	"cubed.dialog.lvl_22_p2": { "sounds": [ "dialogs/lvl_22_p2" ] },
	"cubed.dialog.lvl_23": { "sounds": [ "dialogs/lvl_23" ] },
	"cubed.dialog.lvl_24": { "sounds": [ "dialogs/lvl_24" ] },
	"cubed.dialog.lvl_25": { "sounds": [ "dialogs/lvl_25" ] },
	"cubed.dialog.lvl_25_p2": { "sounds": [ "dialogs/lvl_25_p2" ] },
	"cubed.dialog.lvl_25_p3": { "sounds": [ "dialogs/lvl_25_p3" ] },
	"cubed.dialog.lvl_26": { "sounds": [ "dialogs/lvl_26" ] },
	"cubed.dialog.lvl_26_p2": { "sounds": [ "dialogs/lvl_26_p2_b" ] },
	"cubed.dialog.lvl_27": { "sounds": [ "dialogs/lvl_27" ] },
	"cubed.dialog.lvl_27_p2": { "sounds": [ "dialogs/lvl_27_p2_b" ] },
	"cubed.dialog.lvl_28": { "sounds": [ "dialogs/lvl_28_b" ] },
	"cubed.dialog.lvl_29": { "sounds": [ "dialogs/lvl_29" ] },
	"cubed.dialog.lvl_29_p2": { "sounds": [ "dialogs/lvl_29_p2_b" ] },
	"cubed.dialog.lvl_30": { "sounds": [ "dialogs/lvl_30_fin" ] },
	"cubed.dialog.lvl_31": { "sounds": [ "dialogs/lvl_31" ] },
	"cubed.dialog.lvl_31_p2": { "sounds": [ "dialogs/lvl_31_p2_b" ] },
	"cubed.dialog.lvl_32": { "sounds": [ "dialogs/lvl_32_b" ] },
	"cubed.dialog.lvl_32_p2": { "sounds": [ "dialogs/lvl_32_p2_fin" ] },
	"cubed.dialog.lvl_33": { "sounds": [ "dialogs/lvl_33" ] },
	"cubed.dialog.lvl_33_p2": { "sounds": [ "dialogs/lvl_33_p2" ] },
	"cubed.dialog.lvl_34": { "sounds": [ "dialogs/lvl_34_b" ] },
	"cubed.dialog.lvl_34_p2": { "sounds": [ "dialogs/lvl_34_p2" ] },
	"cubed.dialog.lvl_35": { "sounds": [ "dialogs/lvl_35_b" ] },
	"cubed.dialog.lvl_35_p2": { "sounds": [ "dialogs/lvl_35_p2" ] },
	"cubed.dialog.lvl_35_p3": { "sounds": [ "dialogs/lvl_35_p3_mono" ] },
	"cubed.dialog.lvl_35_p3_1": { "sounds": [ "dialogs/lvl_35_p3_1_fin_mono" ] },
	"cubed.dialog.lvl_35_p3_2": { "sounds": [ "dialogs/lvl_35_p3_2_fin_mono" ] },
	"cubed.dialog.lvl_35_p3_3": { "sounds": [ "dialogs/lvl_35_p3_3_fin_mono" ] },
	"cubed.dialog.scene_1": { "sounds": [ "dialogs/scene_1" ] },
	"cubed.dialog.scene_2": { "sounds": [ "dialogs/scene_2" ] },
	"cubed.dialog.scene_3": { "sounds": [ "dialogs/scene_3" ] },
	"cubed.dialog.scene_4": { "sounds": [ "dialogs/scene_4" ] },
	"cubed.dialog.scene_6": { "sounds": [ "dialogs/scene_6" ] },
	"cubed.dialog.scene_7": { "sounds": [ "dialogs/scene_7" ] },
	"cubed.music.ambience": { "sounds": [ { "name": "music/mus_ambience", "stream": true } ] },
	"cubed.music.blue_darkness": { "sounds": [ { "name": "music/mus_blue_darkness", "stream": true } ] },
	"cubed.music.drums_and_riffs": { "sounds": [ { "name": "music/mus_drums_and_riffs", "stream": true } ] },
	"cubed.music.electric_guitar_ambiance": { "sounds": [ { "name": "music/mus_electric_guitar_ambiance", "stream": true } ] },
	"cubed.music.jungle_drums": { "sounds": [ { "name": "music/mus_jungle_drums", "stream": true } ] },
	"cubed.music.loneliness": { "sounds": [ { "name": "music/mus_loneliness", "stream": true } ] },
	"cubed.music.lose_loose_bounds": { "sounds": [ { "name": "music/mus_lose_loose_bounds", "stream": true } ] },
	"cubed.music.lose_loose_bounds_alt": { "sounds": [ { "name": "music/mus_lose_loose_bounds_alt", "stream": true } ] },
	"cubed.music.majixx": { "sounds": [ { "name": "music/mus_majixx", "stream": true } ] },
	"cubed.music.proxy": { "sounds": [ { "name": "music/mus_proxy", "stream": true } ] },
	"cubed.music.typography": { "sounds": [ { "name": "music/mus_typography", "stream": true } ] },
	"cubed.music.wasteland_nostalgia": { "sounds": [ { "name": "music/mus_wasteland_nostalgia", "stream": true } ] },
	"cubed.music.persona": { "sounds": [ { "name": "music/mus_persona", "stream": true } ] },
	"cubed.other.birds": { "sounds": [ { "name": "other/birds", "stream": true } ] },
	"cubed.other.fire_crackling": { "sounds": [ { "name": "other/fire_crackling", "stream": true } ] },
	"cubed.other.electric_fire": { "sounds": [ { "name": "other/electric_fire", "stream": true } ] },
	"cubed.other.sweep": { "sounds": [ { "name": "other/sweep" } ] }
}