{
	"credit": "Made with Blockbench",
	"texture_size": [128, 64],
	"textures": {
		"0": "block/mplatform",
		"particle": "block/mplatform"
	},
	"elements": [
		{
			"from": [-16, 0, -16],
			"to": [32, 16, 32],
			"rotation": {"angle": 0, "axis": "y", "origin": [-16, 0, -16]},
			"faces": {
				"north": {"uv": [0, 12, 6, 16], "texture": "#0"},
				"east": {"uv": [0, 12, 6, 16], "texture": "#0"},
				"south": {"uv": [0, 12, 6, 16], "texture": "#0"},
				"west": {"uv": [0, 12, 6, 16], "texture": "#0"},
				"up": {"uv": [6, 12, 0, 0], "texture": "#0"},
				"down": {"uv": [12, 0, 6, 12], "texture": "#0"}
			}
		},
		{
			"from": [-2, -4, -2],
			"to": [2, 0, 2],
			"rotation": {"angle": 0, "axis": "y", "origin": [-2, -2, -2]},
			"faces": {
				"north": {"uv": [6.5, 12, 7, 13], "texture": "#0"},
				"east": {"uv": [6.5, 12, 7, 13], "texture": "#0"},
				"south": {"uv": [6.5, 12, 7, 13], "texture": "#0"},
				"west": {"uv": [6.5, 12, 7, 13], "texture": "#0"},
				"down": {"uv": [6.5, 12, 6, 13], "texture": "#0"}
			}
		},
		{
			"from": [-2, -4, 14],
			"to": [2, 0, 18],
			"rotation": {"angle": 0, "axis": "y", "origin": [-2, -2, 14]},
			"faces": {
				"north": {"uv": [6.5, 12, 7, 13], "texture": "#0"},
				"east": {"uv": [6.5, 12, 7, 13], "texture": "#0"},
				"south": {"uv": [6.5, 12, 7, 13], "texture": "#0"},
				"west": {"uv": [6.5, 12, 7, 13], "texture": "#0"},
				"down": {"uv": [6.5, 12, 6, 13], "texture": "#0"}
			}
		},
		{
			"from": [14, -4, 14],
			"to": [18, 0, 18],
			"rotation": {"angle": 0, "axis": "y", "origin": [14, -2, 14]},
			"faces": {
				"north": {"uv": [6.5, 12, 7, 13], "texture": "#0"},
				"east": {"uv": [6.5, 12, 7, 13], "texture": "#0"},
				"south": {"uv": [6.5, 12, 7, 13], "texture": "#0"},
				"west": {"uv": [6.5, 12, 7, 13], "texture": "#0"},
				"down": {"uv": [6.5, 12, 6, 13], "texture": "#0"}
			}
		},
		{
			"from": [14, -4, -2],
			"to": [18, 0, 2],
			"rotation": {"angle": 0, "axis": "y", "origin": [14, -2, -2]},
			"faces": {
				"north": {"uv": [6.5, 12, 7, 13], "texture": "#0"},
				"east": {"uv": [6.5, 12, 7, 13], "texture": "#0"},
				"south": {"uv": [6.5, 12, 7, 13], "texture": "#0"},
				"west": {"uv": [6.5, 12, 7, 13], "texture": "#0"},
				"down": {"uv": [6.5, 12, 6, 13], "texture": "#0"}
			}
		}
	]
}