{
	"credit": "Made with Blockbench",
	"textures": {
		"0": "other/robotconnector1",
		"particle": "other/robotconnector1"
	},
	"elements": [
		{
			"from": [6, 6, 2],
			"to": [10, 10, 14],
			"rotation": {"angle": 0, "axis": "y", "origin": [7, 7, 7]},
			"faces": {
				"east": {"uv": [8, 12, 4, 0], "rotation": 270, "texture": "#0"},
				"west": {"uv": [16, 0, 12, 12], "rotation": 270, "texture": "#0"},
				"up": {"uv": [8, 0, 12, 12], "rotation": 180, "texture": "#0"},
				"down": {"uv": [0, 0, 4, 12], "rotation": 180, "texture": "#0"}
			}
		}
	],
	"groups": [
		{
			"name": "group",
			"origin": [7, 7, 7],
			"color": 0,
			"children": [0]
		}
	]
}