{
	"credit": "Made with Blockbench",
	"textures": {
		"0": "other/rocket",
		"particle": "other/rocket"
	},
	"elements": [
		{
			"from": [6, 6, 1],
			"to": [10, 10, 13],
			"rotation": {"angle": 0, "axis": "y", "origin": [8, 8, 8.5]},
			"faces": {
				"north": {"uv": [12, 0, 16, 4], "texture": "#0"},
				"east": {"uv": [0, 0, 12, 4], "texture": "#0"},
				"south": {"uv": [12, 0, 16, 4], "texture": "#0"},
				"west": {"uv": [0, 0, 12, 4], "rotation": 180, "texture": "#0"},
				"up": {"uv": [0, 0, 12, 4], "rotation": 270, "texture": "#0"},
				"down": {"uv": [0, 0, 12, 4], "rotation": 90, "texture": "#0"}
			}
		},
		{
			"from": [7, 7, 13],
			"to": [9, 9, 18],
			"rotation": {"angle": 0, "axis": "y", "origin": [8, 8, 8.5]},
			"faces": {
				"east": {"uv": [0, 4, 5, 6], "texture": "#0"},
				"south": {"uv": [5, 4, 7, 6], "texture": "#0"},
				"west": {"uv": [0, 4, 5, 6], "rotation": 180, "texture": "#0"},
				"up": {"uv": [0, 4, 5, 6], "rotation": 270, "texture": "#0"},
				"down": {"uv": [0, 4, 5, 6], "rotation": 90, "texture": "#0"}
			}
		},
		{
			"from": [8, 2, 11],
			"to": [8, 7, 18],
			"rotation": {"angle": 45, "axis": "z", "origin": [8, 8, 8.5]},
			"faces": {
				"east": {"uv": [0, 11, 7, 6], "texture": "#0"},
				"west": {"uv": [0, 6, 7, 11], "rotation": 180, "texture": "#0"}
			}
		},
		{
			"from": [9, 8, 11],
			"to": [14, 8, 18],
			"rotation": {"angle": 45, "axis": "z", "origin": [8, 8, 8.5]},
			"faces": {
				"up": {"uv": [0, 11, 7, 6], "rotation": 270, "texture": "#0"},
				"down": {"uv": [0, 6, 7, 11], "rotation": 90, "texture": "#0"}
			}
		},
		{
			"from": [8, 9, 11],
			"to": [8, 14, 18],
			"rotation": {"angle": 45, "axis": "z", "origin": [8, 8, 8.5]},
			"faces": {
				"east": {"uv": [0, 6, 7, 11], "texture": "#0"},
				"west": {"uv": [7, 6, 0, 11], "texture": "#0"}
			}
		},
		{
			"from": [2, 8, 11],
			"to": [7, 8, 18],
			"rotation": {"angle": 45, "axis": "z", "origin": [8, 8, 8.5]},
			"faces": {
				"up": {"uv": [0, 6, 7, 11], "rotation": 270, "texture": "#0"},
				"down": {"uv": [7, 6, 0, 11], "rotation": 270, "texture": "#0"}
			}
		},
		{
			"from": [8, 2, -2],
			"to": [8, 7, 5],
			"rotation": {"angle": 0, "axis": "y", "origin": [8, 8, 8.5]},
			"faces": {
				"east": {"uv": [7, 11, 14, 6], "texture": "#0"},
				"west": {"uv": [14, 11, 7, 6], "texture": "#0"}
			}
		},
		{
			"from": [9, 8, -2],
			"to": [14, 8, 5],
			"rotation": {"angle": 0, "axis": "y", "origin": [8, 8, 8.5]},
			"faces": {
				"up": {"uv": [7, 11, 14, 6], "rotation": 270, "texture": "#0"},
				"down": {"uv": [14, 11, 7, 6], "rotation": 270, "texture": "#0"}
			}
		},
		{
			"from": [8, 9, -2],
			"to": [8, 14, 5],
			"rotation": {"angle": 0, "axis": "y", "origin": [8, 8, 8.5]},
			"faces": {
				"east": {"uv": [7, 6, 14, 11], "texture": "#0"},
				"west": {"uv": [14, 6, 7, 11], "texture": "#0"}
			}
		},
		{
			"from": [2, 8, -2],
			"to": [7, 8, 5],
			"rotation": {"angle": 0, "axis": "y", "origin": [8, 8, 8.5]},
			"faces": {
				"up": {"uv": [14, 11, 7, 6], "rotation": 90, "texture": "#0"},
				"down": {"uv": [0, 0, 7, 5], "rotation": 90, "texture": "#0"}
			}
		}
	]
}