{
	"credit": "Made with Blockbench",
	"texture_size": [32, 32],
	"textures": {
		"0": "other/spiderleghigh",
		"particle": "other/spiderleghigh"
	},
	"elements": [
		{
			"from": [5, 5, 0],
			"to": [11, 11, 16],
			"rotation": {"angle": 0, "axis": "y", "origin": [8, 8, 8]},
			"faces": {
				"north": {"uv": [9, 10, 6, 7], "rotation": 180, "texture": "#0"},
				"east": {"uv": [0, 0, 3, 6.5], "rotation": 90, "texture": "#0"},
				"south": {"uv": [9, 0, 6, 3], "texture": "#0"},
				"west": {"uv": [0, 0, 3, 6.5], "rotation": 270, "texture": "#0"},
				"up": {"uv": [0, 0, 3, 6.5], "texture": "#0"},
				"down": {"uv": [0, 0, 3, 6.5], "rotation": 180, "texture": "#0"}
			}
		}
	]
}