{
	"credit": "Made with Blockbench",
	"textures": {
		"0": "other/table_black",
		"particle": "other/table_black"
	},
	"elements": [
		{
			"from": [0, 14, 0],
			"to": [16, 16, 16],
			"faces": {
				"north": {"uv": [0, 8, 8, 9], "texture": "#0", "cullface": "north"},
				"east": {"uv": [0, 8, 8, 9], "texture": "#0", "cullface": "east"},
				"south": {"uv": [0, 8, 8, 9], "texture": "#0", "cullface": "south"},
				"west": {"uv": [0, 8, 8, 9], "texture": "#0", "cullface": "west"},
				"up": {"uv": [0, 0, 8, 8], "texture": "#0", "cullface": "up"},
				"down": {"uv": [0, 0, 8, 8], "texture": "#0"}
			}
		}
	]
}