{
	"credit": "Made with Blockbench",
	"texture_size": [64, 64],
	"textures": {
		"0": "other/turret",
		"particle": "other/turret"
	},
	"elements": [
		{
			"from": [4, 6, 8],
			"to": [12, 10, 12],
			"rotation": {"angle": 0, "axis": "y", "origin": [8, 2, 1]},
			"faces": {
				"north": {"uv": [3, 8.25, 5, 9.25], "texture": "#0"},
				"east": {"uv": [1, 10.75, 2, 11.75], "texture": "#0"},
				"south": {"uv": [5, 8.25, 7, 9.25], "texture": "#0"},
				"west": {"uv": [10.75, 5.25, 11.75, 6.25], "texture": "#0"},
				"up": {"uv": [10, 9.5, 8, 8.5], "texture": "#0"},
				"down": {"uv": [11, 0, 9, 1], "texture": "#0"}
			}
		},
		{
			"from": [6, 10, 8],
			"to": [10, 12, 12],
			"rotation": {"angle": 0, "axis": "y", "origin": [8, 2, 1]},
			"faces": {
				"north": {"uv": [11, 1.5, 12, 2], "texture": "#0"},
				"east": {"uv": [11, 2, 12, 2.5], "texture": "#0"},
				"south": {"uv": [11, 2.5, 12, 3], "texture": "#0"},
				"west": {"uv": [11, 3, 12, 3.5], "texture": "#0"},
				"up": {"uv": [12, 1.5, 13, 2.5], "texture": "#0"}
			}
		},
		{
			"from": [12, -3, 5],
			"to": [14, 11, 7],
			"rotation": {"angle": 45, "axis": "x", "origin": [13, 4, 6]},
			"faces": {
				"north": {"uv": [3, 9.25, 3.5, 12.75], "texture": "#0"},
				"east": {"uv": [3.5, 9.25, 4, 12.75], "texture": "#0"},
				"south": {"uv": [4, 9.25, 4.5, 12.75], "texture": "#0"},
				"west": {"uv": [4.5, 9.25, 5, 12.75], "texture": "#0"},
				"up": {"uv": [11.75, 5, 11.25, 4.5], "texture": "#0"},
				"down": {"uv": [11.75, 8.25, 11.25, 8.75], "texture": "#0"}
			}
		},
		{
			"from": [2, -3, 5],
			"to": [4, 11, 7],
			"rotation": {"angle": 45, "axis": "x", "origin": [3, 4, 6]},
			"faces": {
				"north": {"uv": [5, 9.25, 5.5, 12.75], "texture": "#0"},
				"east": {"uv": [5.5, 9.25, 6, 12.75], "texture": "#0"},
				"south": {"uv": [6, 9.25, 6.5, 12.75], "texture": "#0"},
				"west": {"uv": [6.5, 9.25, 7, 12.75], "texture": "#0"},
				"up": {"uv": [11.75, 9.25, 11.25, 8.75], "texture": "#0"},
				"down": {"uv": [11.75, 10, 11.25, 10.5], "texture": "#0"}
			}
		},
		{
			"from": [7, -1, 12],
			"to": [9, 9, 14],
			"rotation": {"angle": -22.5, "axis": "x", "origin": [8, 4, 13]},
			"faces": {
				"north": {"uv": [8, 9.5, 8.5, 12], "texture": "#0"},
				"east": {"uv": [8.5, 9.5, 9, 12], "texture": "#0"},
				"south": {"uv": [9, 9.5, 9.5, 12], "texture": "#0"},
				"west": {"uv": [9.5, 9.5, 10, 12], "texture": "#0"},
				"down": {"uv": [11.75, 10.5, 11.25, 11], "texture": "#0"}
			}
		}
	]
}