{
	"credit": "Made with Blockbench",
	"texture_size": [64, 64],
	"textures": {
		"0": "other/turret",
		"particle": "other/turret"
	},
	"elements": [
		{
			"from": [6, 0, 2],
			"to": [10, 16, 16],
			"rotation": {"angle": 0, "axis": "y", "origin": [8, 0, 0]},
			"faces": {
				"north": {"uv": [7, 0, 8, 4], "texture": "#0"},
				"east": {"uv": [0, 0, 3.5, 4], "texture": "#0"},
				"south": {"uv": [7, 4, 8, 8], "texture": "#0"},
				"west": {"uv": [3.5, 0, 7, 4], "texture": "#0"},
				"down": {"uv": [9, 0, 8, 3.5], "texture": "#0"}
			}
		},
		{
			"from": [6.01, 14.58954, 2.00208],
			"to": [9.99, 17.98954, 9.79808],
			"rotation": {"angle": -22.5, "axis": "x", "origin": [7.99, 16.98954, 7.00208]},
			"faces": {
				"east": {"uv": [14.25, 0, 16, 1], "texture": "#0"},
				"west": {"uv": [14.25, 1, 16, 2], "texture": "#0"},
				"up": {"uv": [16, 3.75, 15, 2], "texture": "#0"}
			}
		},
		{
			"from": [6, 16, 9.2],
			"to": [10, 18.994, 16],
			"rotation": {"angle": 0, "axis": "y", "origin": [8, 11, -6]},
			"faces": {
				"north": {"uv": [10, 2, 11, 2.75], "texture": "#0"},
				"east": {"uv": [9, 5.25, 10.75, 6], "texture": "#0"},
				"south": {"uv": [10, 2, 11, 2.75], "texture": "#0"},
				"west": {"uv": [9, 6, 10.75, 6.75], "texture": "#0"},
				"up": {"uv": [10, 2.75, 9, 1], "texture": "#0"}
			}
		},
		{
			"from": [10, 9, 2],
			"to": [14, 13, 13.98],
			"rotation": {"angle": 0, "axis": "y", "origin": [10, 9, 2]},
			"faces": {
				"north": {"uv": [10, 1, 11, 2], "texture": "#0"},
				"east": {"uv": [8, 3.5, 11, 4.5], "texture": "#0"},
				"south": {"uv": [10.25, 8.5, 11.25, 9.5], "texture": "#0"},
				"up": {"uv": [9, 7.5, 8, 4.5], "texture": "#0"},
				"down": {"uv": [8, 8, 7, 11], "texture": "#0"}
			}
		},
		{
			"from": [10, 7, 2],
			"to": [12, 9, 10],
			"rotation": {"angle": 0, "axis": "y", "origin": [10, 4, 2]},
			"faces": {
				"north": {"uv": [11, 6.75, 11.5, 7.25], "texture": "#0"},
				"east": {"uv": [9, 6.75, 11, 7.25], "texture": "#0"},
				"south": {"uv": [7.5, 11, 8, 11.5], "texture": "#0"},
				"down": {"uv": [10.75, 9.5, 10.25, 11.5], "texture": "#0"}
			}
		},
		{
			"from": [2, 7, 4],
			"to": [6, 11, 13.98],
			"rotation": {"angle": 0, "axis": "y", "origin": [2, 7, 2]},
			"faces": {
				"north": {"uv": [10.5, 7.25, 11.5, 8.25], "texture": "#0"},
				"south": {"uv": [0, 10.75, 1, 11.75], "texture": "#0"},
				"west": {"uv": [8, 7.5, 10.5, 8.5], "texture": "#0"},
				"up": {"uv": [1, 10.75, 0, 8.25], "texture": "#0"},
				"down": {"uv": [2, 8.25, 1, 10.75], "texture": "#0"}
			}
		},
		{
			"from": [3, 8, -2],
			"to": [5, 10, 4],
			"rotation": {"angle": 0, "axis": "y", "origin": [2, 7, -8]},
			"faces": {
				"north": {"uv": [11.25, 3.5, 11.75, 4], "texture": "#0"},
				"east": {"uv": [10.75, 6.25, 12.25, 6.75], "texture": "#0"},
				"west": {"uv": [10.75, 9.5, 12.25, 10], "texture": "#0"},
				"up": {"uv": [11.25, 11.5, 10.75, 10], "texture": "#0"},
				"down": {"uv": [11.5, 0, 11, 1.5], "texture": "#0"}
			}
		},
		{
			"from": [5, -1, 7],
			"to": [6, 16, 14],
			"rotation": {"angle": 0, "axis": "y", "origin": [8, -10, 0]},
			"faces": {
				"north": {"uv": [10, 8.5, 10.25, 12.75], "texture": "#0"},
				"east": {"uv": [0, 4, 1.75, 8.25], "texture": "#0"},
				"south": {"uv": [2, 10.25, 2.25, 14.5], "texture": "#0"},
				"west": {"uv": [1.75, 4, 3.5, 8.25], "texture": "#0"},
				"up": {"uv": [3, 12, 2.75, 10.25], "texture": "#0"},
				"down": {"uv": [11.25, 3.5, 11, 5.25], "texture": "#0"}
			}
		},
		{
			"from": [10, -1, 7],
			"to": [11, 16, 14],
			"rotation": {"angle": 0, "axis": "y", "origin": [13, -10, 0]},
			"faces": {
				"north": {"uv": [2.25, 10.25, 2.5, 14.5], "texture": "#0"},
				"east": {"uv": [3.5, 4, 5.25, 8.25], "texture": "#0"},
				"south": {"uv": [2.5, 10.25, 2.75, 14.5], "texture": "#0"},
				"west": {"uv": [5.25, 4, 7, 8.25], "texture": "#0"},
				"up": {"uv": [7.25, 12.75, 7, 11], "texture": "#0"},
				"down": {"uv": [7.5, 11, 7.25, 12.75], "texture": "#0"}
			}
		},
		{
			"from": [5.99, 17, 12],
			"to": [5.99, 23, 15],
			"rotation": {"angle": 0, "axis": "y", "origin": [6, 17, 13]},
			"faces": {
				"east": {"uv": [12.25, 0, 13, 1.5], "texture": "#0"},
				"west": {"uv": [11.5, 0, 12.25, 1.5], "texture": "#0"}
			}
		}
	]
}