{
	"credit": "Made with Blockbench",
	"texture_size": [64, 64],
	"textures": {
		"0": "other/turret_ceil",
		"particle": "other/turret_ceil"
	},
	"elements": [
		{
			"from": [6, 7, 5],
			"to": [10, 13, 11],
			"rotation": {"angle": 0, "axis": "y", "origin": [8, 10, 8]},
			"faces": {
				"north": {"uv": [0, 0, 1, 1.5], "texture": "#0"},
				"south": {"uv": [0, 0, 1, 1.5], "texture": "#0"},
				"up": {"uv": [0, 0, 1, 1.5], "texture": "#0"},
				"down": {"uv": [1, 1.5, 0, 3], "texture": "#0"}
			}
		},
		{
			"from": [10, 9, 2],
			"to": [14, 13, 13.98],
			"rotation": {"angle": 0, "axis": "y", "origin": [10, 9, 2]},
			"faces": {
				"north": {"uv": [10, 1, 11, 2], "texture": "#0"},
				"east": {"uv": [8, 3.5, 11, 4.5], "texture": "#0"},
				"south": {"uv": [10.25, 8.5, 11.25, 9.5], "texture": "#0"},
				"west": {"uv": [8, 3.5, 11, 4.5], "texture": "#0"},
				"up": {"uv": [9, 7.5, 8, 4.5], "texture": "#0"},
				"down": {"uv": [8, 8, 7, 11], "texture": "#0"}
			}
		},
		{
			"from": [10, 7, 2],
			"to": [12, 9, 10],
			"rotation": {"angle": 0, "axis": "y", "origin": [10, 4, 2]},
			"faces": {
				"north": {"uv": [11, 6.75, 11.5, 7.25], "texture": "#0"},
				"east": {"uv": [9, 6.75, 11, 7.25], "texture": "#0"},
				"south": {"uv": [7.5, 11, 8, 11.5], "texture": "#0"},
				"west": {"uv": [9, 6.75, 11, 7.25], "texture": "#0"},
				"down": {"uv": [10.75, 9.5, 10.25, 11.5], "texture": "#0"}
			}
		},
		{
			"from": [2, 7, 3],
			"to": [6, 11, 12.98],
			"rotation": {"angle": 0, "axis": "y", "origin": [2, 7, 1]},
			"faces": {
				"north": {"uv": [10.5, 7.25, 11.5, 8.25], "texture": "#0"},
				"east": {"uv": [8, 7.5, 10.5, 8.5], "texture": "#0"},
				"south": {"uv": [0, 10.75, 1, 11.75], "texture": "#0"},
				"west": {"uv": [8, 7.5, 10.5, 8.5], "texture": "#0"},
				"up": {"uv": [1, 10.75, 0, 8.25], "texture": "#0"},
				"down": {"uv": [2, 8.25, 1, 10.75], "texture": "#0"}
			}
		},
		{
			"from": [3, 8, -2],
			"to": [5, 10, 4],
			"rotation": {"angle": 0, "axis": "y", "origin": [2, 7, -8]},
			"faces": {
				"north": {"uv": [11.25, 3.5, 11.75, 4], "texture": "#0"},
				"east": {"uv": [10.75, 6.25, 12.25, 6.75], "texture": "#0"},
				"west": {"uv": [10.75, 9.5, 12.25, 10], "texture": "#0"},
				"up": {"uv": [11.25, 11.5, 10.75, 10], "texture": "#0"},
				"down": {"uv": [11.5, 0, 11, 1.5], "texture": "#0"}
			}
		},
		{
			"from": [5.001, 6, 4],
			"to": [6.001, 14, 12],
			"rotation": {"angle": 0, "axis": "y", "origin": [8, -4, -2]},
			"faces": {
				"north": {"uv": [3, 0, 3.25, 2], "texture": "#0"},
				"east": {"uv": [1, 0, 3, 2], "texture": "#0"},
				"south": {"uv": [3, 0, 3.25, 2], "texture": "#0"},
				"west": {"uv": [1, 0, 3, 2], "texture": "#0"},
				"up": {"uv": [3.25, 2, 3, 0], "texture": "#0"},
				"down": {"uv": [3.25, 0, 3, 2], "texture": "#0"}
			}
		},
		{
			"from": [9.999, 6, 4],
			"to": [10.999, 14, 12],
			"rotation": {"angle": 0, "axis": "y", "origin": [13, -10, -2]},
			"faces": {
				"north": {"uv": [3, 0, 3.25, 2], "texture": "#0"},
				"east": {"uv": [1, 0, 3, 2], "texture": "#0"},
				"south": {"uv": [3, 0, 3.25, 2], "texture": "#0"},
				"west": {"uv": [1, 0, 3, 2], "texture": "#0"},
				"up": {"uv": [3.25, 2, 3, 0], "texture": "#0"},
				"down": {"uv": [3.25, 0, 3, 2], "texture": "#0"}
			}
		},
		{
			"from": [5.99, 13, 8],
			"to": [5.99, 19, 11],
			"rotation": {"angle": 0, "axis": "y", "origin": [6, 13, 9]},
			"faces": {
				"east": {"uv": [12.25, 0, 13, 1.5], "texture": "#0"},
				"west": {"uv": [11.5, 0, 12.25, 1.5], "texture": "#0"}
			}
		}
	]
}