{
  "variants": {
    "candles=1,lit=false": {
      "model": "other/chair"
    },
    "candles=1,lit=true": {
      "model": "minecraft:block/brown_candle_one_candle_lit"
    },
    "candles=2,lit=false": {
      "model": "other/chair",
      "y": 90
    },
    "candles=2,lit=true": {
      "model": "minecraft:block/brown_candle_two_candles_lit"
    },
    "candles=3,lit=false": {
      "model": "other/chair",
      "y": 180
    },
    "candles=3,lit=true": {
      "model": "minecraft:block/brown_candle_three_candles_lit"
    },
    "candles=4,lit=false": {
      "model": "other/chair",
      "y": 270
    },
    "candles=4,lit=true": {
      "model": "minecraft:block/brown_candle_four_candles_lit"
    }
  }
}