{
  "model": {
    "type": "minecraft:range_dispatch",
    "property": "minecraft:custom_model_data",
    "entries": [
      { "threshold": 1, "model": { "type": "minecraft:model", "model": "objmc/energy_core", "tints": [
        { "type": "minecraft:potion", "default": 0 }
      ] } },
      { "threshold": 2, "model": { "type": "minecraft:model", "model": "objmc/persona1", "tints": [
        { "type": "minecraft:potion", "default": 0 }
      ] } },
      { "threshold": 3, "model": { "type": "minecraft:model", "model": "objmc/persona2", "tints": [
        { "type": "minecraft:potion", "default": 0 }
      ] } },
      { "threshold": 4, "model": { "type": "minecraft:model", "model": "objmc/persona3", "tints": [
        { "type": "minecraft:potion", "default": 0 }
      ] } },
      { "threshold": 5, "model": { "type": "minecraft:model", "model": "objmc/persona4", "tints": [
        { "type": "minecraft:potion", "default": 0 }
      ] } },
      { "threshold": 6, "model": { "type": "minecraft:model", "model": "objmc/persona6", "tints": [
        { "type": "minecraft:potion", "default": 0 }
      ] } },
      { "threshold": 7, "model": { "type": "minecraft:model", "model": "objmc/persona7", "tints": [
        { "type": "minecraft:potion", "default": 0 }
      ] } }
    ],
    "fallback": { 
      "type": "minecraft:model",
      "model": "minecraft:item/potion",
      "tints": [
        { "type": "minecraft:potion", "default": -13083194 }
      ] 
    }
  }
}